local;uf;filial;deposito;cultura;lote;cultivar;Tratamento;cat;pen;um;qtd_sistema;peso_etiqueta
UBS I;GO;101.0;10.0;SOJA;11026273P1204;NEO800 I2X;SEM TRATAMENTO;S1;P1;BG;30;697.0
UBS I;GO;101.0;10.0;SOJA;11026273P1206;NEO800 I2X;SEM TRATAMENTO;S1;P1;BG;30;680.0
UBS I;GO;101.0;10.0;SOJA;11026273P1208;NEO800 I2X;SEM TRATAMENTO;S1;P1;BG;30;677.0
UBS I;GO;101.0;10.0;SOJA;11026273P1209;NEO800 I2X;SEM TRATAMENTO;S1;P1;BG;30;690.0
UBS I;GO;101.0;10.0;SOJA;11026273P1211;NEO800 I2X;SEM TRATAMENTO;S1;P1;BG;30;674.0
UBS I;GO;101.0;10.0;SOJA;11026273P1212;NEO800 I2X;SEM TRATAMENTO;S1;P1;BG;30;639.0
UBS I;GO;101.0;10.0;SOJA;11026273P1268;NEO800 I2X;SEM TRATAMENTO;S1;P1;BG;30;629.0
UBS I;GO;101.0;10.0;SOJA;11026273P1270;NEO800 I2X;SEM TRATAMENTO;S1;P1;BG;30;651.0
UBS I;GO;101.0;10.0;SOJA;11026273P1272;NEO800 I2X;SEM TRATAMENTO;S1;P1;BG;30;628.0
UBS I;GO;101.0;10.0;SOJA;11026273P1274;NEO800 I2X;SEM TRATAMENTO;S1;P1;BG;30;649.0
UBS I;GO;101.0;10.0;SOJA;11026273P1276;NEO800 I2X;SEM TRATAMENTO;S1;P1;BG;30;664.0
UBS I;GO;101.0;10.0;SOJA;11026273P1278;NEO800 I2X;SEM TRATAMENTO;S1;P1;BG;30;645.0
UBS I;GO;101.0;10.0;SOJA;11026273P1281;NEO800 I2X;SEM TRATAMENTO;S1;P1;BG;30;652.0
UBS I;GO;101.0;10.0;SOJA;11026273P1306;NEO800 I2X;SEM TRATAMENTO;S1;P1;BG;30;660.0
UBS I;GO;101.0;10.0;SOJA;11026273P1308;NEO800 I2X;SEM TRATAMENTO;S1;P1;BG;30;645.0
UBS I;GO;101.0;10.0;SOJA;11026273P1311;NEO800 I2X;SEM TRATAMENTO;S1;P1;BG;30;628.0
UBS I;GO;101.0;10.0;SOJA;11026273P1312;NEO800 I2X;SEM TRATAMENTO;S1;P1;BG;30;635.0
UBS I;GO;101.0;10.0;SOJA;11026273P1315;NEO800 I2X;SEM TRATAMENTO;S1;P1;BG;30;648.0
UBS I;GO;101.0;10.0;SOJA;11026273P1317;NEO800 I2X;SEM TRATAMENTO;S1;P1;BG;30;641.0
UBS I;GO;101.0;10.0;SOJA;11026273P1320;NEO800 I2X;SEM TRATAMENTO;S1;P1;BG;10;652.0
UBS I;GO;101.0;10.0;SOJA;11026273P2205;NEO800 I2X;SEM TRATAMENTO;S1;P2;BG;30;854.0
UBS I;GO;101.0;10.0;SOJA;11026273P2207;NEO800 I2X;SEM TRATAMENTO;S1;P2;BG;30;838.0
UBS I;GO;101.0;10.0;SOJA;11026273P2210;NEO800 I2X;SEM TRATAMENTO;S1;P2;BG;30;822.0
UBS I;GO;101.0;10.0;SOJA;11026273P2213;NEO800 I2X;SEM TRATAMENTO;S1;P2;BG;10;832.0
UBS I;GO;101.0;10.0;SOJA;11026273P2269;NEO800 I2X;SEM TRATAMENTO;S1;P2;BG;30;814.0
UBS I;GO;101.0;10.0;SOJA;11026273P2271;NEO800 I2X;SEM TRATAMENTO;S1;P2;BG;30;834.0
UBS I;GO;101.0;10.0;SOJA;11026273P2273;NEO800 I2X;SEM TRATAMENTO;S1;P2;BG;30;828.0
UBS I;GO;101.0;10.0;SOJA;11026273P2275;NEO800 I2X;SEM TRATAMENTO;S1;P2;BG;30;862.0
UBS I;GO;101.0;10.0;SOJA;11026273P2277;NEO800 I2X;SEM TRATAMENTO;S1;P2;BG;30;852.0
UBS I;GO;101.0;10.0;SOJA;11026273P2279;NEO800 I2X;SEM TRATAMENTO;S1;P2;BG;30;835.0
UBS I;GO;101.0;10.0;SOJA;11026273P2280;NEO800 I2X;SEM TRATAMENTO;S1;P2;BG;30;826.0
UBS I;GO;101.0;10.0;SOJA;11026273P2305;NEO800 I2X;SEM TRATAMENTO;S1;P2;BG;30;837.0
UBS I;GO;101.0;10.0;SOJA;11026273P2307;NEO800 I2X;SEM TRATAMENTO;S1;P2;BG;30;833.0
UBS I;GO;101.0;10.0;SOJA;11026273P2309;NEO800 I2X;SEM TRATAMENTO;S1;P2;BG;30;833.0
UBS I;GO;101.0;10.0;SOJA;11026273P2310;NEO800 I2X;SEM TRATAMENTO;S1;P2;BG;30;824.0
UBS I;GO;101.0;10.0;SOJA;11026273P2313;NEO800 I2X;SEM TRATAMENTO;S1;P2;BG;30;827.0
UBS I;GO;101.0;10.0;SOJA;11026273P2314;NEO800 I2X;SEM TRATAMENTO;S1;P2;BG;30;835.0
UBS I;GO;101.0;10.0;SOJA;11026273P2316;NEO800 I2X;SEM TRATAMENTO;S1;P2;BG;30;828.0
UBS I;GO;101.0;10.0;SOJA;11026273P2318;NEO800 I2X;SEM TRATAMENTO;S1;P2;BG;30;840.0
UBS I;GO;101.0;10.0;SOJA;11026273P2319;NEO800 I2X;SEM TRATAMENTO;S1;P2;BG;18;836.0
UBS I;GO;101.0;10.0;SOJA;11026714P1187;NEO790 IPRO;SEM TRATAMENTO;S1;P1;BG;30;765.0
UBS I;GO;101.0;10.0;SOJA;11026714P1188;NEO790 IPRO;SEM TRATAMENTO;S1;P1;BG;30;771.0
UBS I;GO;101.0;10.0;SOJA;11026714P1190;NEO790 IPRO;SEM TRATAMENTO;S1;P1;BG;30;780.0
UBS I;GO;101.0;10.0;SOJA;11026714P1191;NEO790 IPRO;SEM TRATAMENTO;S1;P1;BG;10;767.0
UBS I;GO;101.0;10.0;SOJA;11026714P1194;NEO790 IPRO;SEM TRATAMENTO;S1;P1;BG;30;695.0
UBS I;GO;101.0;10.0;SOJA;11026714P1196;NEO790 IPRO;SEM TRATAMENTO;S1;P1;BG;30;694.0
UBS I;GO;101.0;10.0;SOJA;11026714P1200;NEO790 IPRO;SEM TRATAMENTO;S1;P1;BG;30;696.0
UBS I;GO;101.0;10.0;SOJA;11026714P1203;NEO790 IPRO;SEM TRATAMENTO;S1;P1;BG;30;711.0
UBS I;GO;101.0;10.0;SOJA;11026714P1238;NEO790 IPRO;SEM TRATAMENTO;S1;P1;BG;30;706.0
UBS I;GO;101.0;10.0;SOJA;11026714P1240;NEO790 IPRO;SEM TRATAMENTO;S1;P1;BG;30;705.0
UBS I;GO;101.0;10.0;SOJA;11026714P1242;NEO790 IPRO;SEM TRATAMENTO;S1;P1;BG;30;705.0
UBS I;GO;101.0;10.0;SOJA;11026714P1245;NEO790 IPRO;SEM TRATAMENTO;S1;P1;BG;30;711.0
UBS I;GO;101.0;10.0;SOJA;11026714P1248;NEO790 IPRO;SEM TRATAMENTO;S1;P1;BG;30;707.0
UBS I;GO;101.0;10.0;SOJA;11026714P1251;NEO790 IPRO;SEM TRATAMENTO;S1;P1;BG;30;701.0
UBS I;GO;101.0;10.0;SOJA;11026714P1253;NEO790 IPRO;SEM TRATAMENTO;S1;P1;BG;30;700.0
UBS I;GO;101.0;10.0;SOJA;11026714P1256;NEO790 IPRO;SEM TRATAMENTO;S1;P1;BG;30;708.0
UBS I;GO;101.0;10.0;SOJA;11026714P1259;NEO790 IPRO;SEM TRATAMENTO;S1;P1;BG;30;702.0
UBS I;GO;101.0;10.0;SOJA;11026714P1261;NEO790 IPRO;SEM TRATAMENTO;S1;P1;BG;30;692.0
UBS I;GO;101.0;10.0;SOJA;11026714P1263;NEO790 IPRO;SEM TRATAMENTO;S1;P1;BG;30;705.0
UBS I;GO;101.0;10.0;SOJA;11026714P1266;NEO790 IPRO;SEM TRATAMENTO;S1;P1;BG;29;710.0
UBS I;GO;101.0;10.0;SOJA;11026714P1301;NEO790 IPRO;SEM TRATAMENTO;S1;P1;BG;30;702.0
UBS I;GO;101.0;10.0;SOJA;11026714P1304;NEO790 IPRO;SEM TRATAMENTO;S1;P1;BG;8;715.0
UBS I;GO;101.0;10.0;SOJA;11026714P2186;NEO790 IPRO;SEM TRATAMENTO;S1;P2;BG;27;954.0
UBS I;GO;101.0;10.0;SOJA;11026714P2189;NEO790 IPRO;SEM TRATAMENTO;S1;P2;BG;27;972.0
UBS I;GO;101.0;10.0;SOJA;11026714P2192;NEO790 IPRO;SEM TRATAMENTO;S1;P2;BG;6;941.0
UBS I;GO;101.0;10.0;SOJA;11026714P2193;NEO790 IPRO;SEM TRATAMENTO;S1;P2;BG;30;895.0
UBS I;GO;101.0;10.0;SOJA;11026714P2195;NEO790 IPRO;SEM TRATAMENTO;S1;P2;BG;30;879.0
UBS I;GO;101.0;10.0;SOJA;11026714P2197;NEO790 IPRO;SEM TRATAMENTO;S1;P2;BG;30;882.0
UBS I;GO;101.0;10.0;SOJA;11026714P2198;NEO790 IPRO;SEM TRATAMENTO;S1;P2;BG;27;921.0
UBS I;GO;101.0;10.0;SOJA;11026714P2199;NEO790 IPRO;SEM TRATAMENTO;S1;P2;BG;30;898.0
UBS I;GO;101.0;10.0;SOJA;11026714P2201;NEO790 IPRO;SEM TRATAMENTO;S1;P2;BG;30;904.0
UBS I;GO;101.0;10.0;SOJA;11026714P2202;NEO790 IPRO;SEM TRATAMENTO;S1;P2;BG;30;909.0
UBS I;GO;101.0;10.0;SOJA;11026714P2237;NEO790 IPRO;SEM TRATAMENTO;S1;P2;BG;30;900.0
UBS I;GO;101.0;10.0;SOJA;11026714P2239;NEO790 IPRO;SEM TRATAMENTO;S1;P2;BG;30;898.0
UBS I;GO;101.0;10.0;SOJA;11026714P2241;NEO790 IPRO;SEM TRATAMENTO;S1;P2;BG;27;927.0
UBS I;GO;101.0;10.0;SOJA;11026714P2243;NEO790 IPRO;SEM TRATAMENTO;S1;P2;BG;30;904.0
UBS I;GO;101.0;10.0;SOJA;11026714P2244;NEO790 IPRO;SEM TRATAMENTO;S1;P2;BG;27;910.0
UBS I;GO;101.0;10.0;SOJA;11026714P2246;NEO790 IPRO;SEM TRATAMENTO;S1;P2;BG;30;902.0
UBS I;GO;101.0;10.0;SOJA;11026714P2247;NEO790 IPRO;SEM TRATAMENTO;S1;P2;BG;30;899.0
UBS I;GO;101.0;10.0;SOJA;11026714P2249;NEO790 IPRO;SEM TRATAMENTO;S1;P2;BG;27;917.0
UBS I;GO;101.0;10.0;SOJA;11026714P2250;NEO790 IPRO;SEM TRATAMENTO;S1;P2;BG;30;909.0
UBS I;GO;101.0;10.0;SOJA;11026714P2252;NEO790 IPRO;SEM TRATAMENTO;S1;P2;BG;30;887.0
UBS I;GO;101.0;10.0;SOJA;11026714P2254;NEO790 IPRO;SEM TRATAMENTO;S1;P2;BG;30;904.0
UBS I;GO;101.0;10.0;SOJA;11026714P2255;NEO790 IPRO;SEM TRATAMENTO;S1;P2;BG;27;920.0
UBS I;GO;101.0;10.0;SOJA;11026714P2257;NEO790 IPRO;SEM TRATAMENTO;S1;P2;BG;30;894.0
UBS I;GO;101.0;10.0;SOJA;11026714P2258;NEO790 IPRO;SEM TRATAMENTO;S1;P2;BG;30;903.0
UBS I;GO;101.0;10.0;SOJA;11026714P2260;NEO790 IPRO;SEM TRATAMENTO;S1;P2;BG;27;918.0
UBS I;GO;101.0;10.0;SOJA;11026714P2262;NEO790 IPRO;SEM TRATAMENTO;S1;P2;BG;30;884.0
UBS I;GO;101.0;10.0;SOJA;11026714P2264;NEO790 IPRO;SEM TRATAMENTO;S1;P2;BG;30;901.0
UBS I;GO;101.0;10.0;SOJA;11026714P2265;NEO790 IPRO;SEM TRATAMENTO;S1;P2;BG;30;896.0
UBS I;GO;101.0;10.0;SOJA;11026714P2267;NEO790 IPRO;SEM TRATAMENTO;S1;P2;BG;24;925.0
UBS I;GO;101.0;10.0;SOJA;11026714P2300;NEO790 IPRO;SEM TRATAMENTO;S1;P2;BG;30;906.0
UBS I;GO;101.0;10.0;SOJA;11026714P2302;NEO790 IPRO;SEM TRATAMENTO;S1;P2;BG;27;936.0
UBS I;GO;101.0;10.0;SOJA;11026714P2303;NEO790 IPRO;SEM TRATAMENTO;S1;P2;BG;14;920.0
UBS I;GO;101.0;10.0;SOJA;11026715P1061;NEO761 I2X;SEM TRATAMENTO;S2;P1;BG;6;814.0
UBS I;GO;101.0;10.0;SOJA;11026715P1063;NEO761 I2X;SEM TRATAMENTO;S2;P1;BG;30;824.0
UBS I;GO;101.0;10.0;SOJA;11026715P1067;NEO761 I2X;SEM TRATAMENTO;S2;P1;BG;30;810.0
UBS I;GO;101.0;10.0;SOJA;11026715P1069;NEO761 I2X;SEM TRATAMENTO;S2;P1;BG;30;819.0
UBS I;GO;101.0;10.0;SOJA;11026715P1073;NEO761 I2X;SEM TRATAMENTO;S2;P1;BG;30;823.0
UBS I;GO;101.0;10.0;SOJA;11026715P1076;NEO761 I2X;SEM TRATAMENTO;S2;P1;BG;30;804.0
UBS I;GO;101.0;10.0;SOJA;11026715P1079;NEO761 I2X;SEM TRATAMENTO;S2;P1;BG;30;814.0
UBS I;GO;101.0;10.0;SOJA;11026715P1083;NEO761 I2X;SEM TRATAMENTO;S2;P1;BG;30;793.0
UBS I;GO;101.0;10.0;SOJA;11026715P1087;NEO761 I2X;SEM TRATAMENTO;C1;P1;BG;30;825.0
UBS I;GO;101.0;10.0;SOJA;11026715P1090;NEO761 I2X;SEM TRATAMENTO;C1;P1;BG;12;804.0
UBS I;GO;101.0;10.0;SOJA;11026715P1153;NEO761 I2X;SEM TRATAMENTO;C1;P1;BG;30;828.0
UBS I;GO;101.0;10.0;SOJA;11026715P1156;NEO761 I2X;SEM TRATAMENTO;S2;P1;BG;30;804.0
UBS I;GO;101.0;10.0;SOJA;11026715P1161;NEO761 I2X;SEM TRATAMENTO;S2;P1;BG;30;823.0
UBS I;GO;101.0;10.0;SOJA;11026715P1167;NEO761 I2X;SEM TRATAMENTO;S2;P1;BG;20;817.0
UBS I;GO;101.0;10.0;SOJA;11026715P2060;NEO761 I2X;SEM TRATAMENTO;S2;P2;BG;24;1033.0
UBS I;GO;101.0;10.0;SOJA;11026715P2062;NEO761 I2X;SEM TRATAMENTO;S2;P2;BG;24;1014.0
UBS I;GO;101.0;10.0;SOJA;11026715P2064;NEO761 I2X;SEM TRATAMENTO;S2;P2;BG;24;1015.0
UBS I;GO;101.0;10.0;SOJA;11026715P2065;NEO761 I2X;SEM TRATAMENTO;S2;P2;BG;27;1000.0
UBS I;GO;101.0;10.0;SOJA;11026715P2066;NEO761 I2X;SEM TRATAMENTO;S2;P2;BG;27;992.0
UBS I;GO;101.0;10.0;SOJA;11026715P2068;NEO761 I2X;SEM TRATAMENTO;S2;P2;BG;24;1018.0
UBS I;GO;101.0;10.0;SOJA;11026715P2070;NEO761 I2X;SEM TRATAMENTO;S2;P2;BG;24;1016.0
UBS I;GO;101.0;10.0;SOJA;11026715P2071;NEO761 I2X;SEM TRATAMENTO;S2;P2;BG;27;1002.0
UBS I;GO;101.0;10.0;SOJA;11026715P2072;NEO761 I2X;SEM TRATAMENTO;S2;P2;BG;24;1028.0
UBS I;GO;101.0;10.0;SOJA;11026715P2074;NEO761 I2X;SEM TRATAMENTO;S2;P2;BG;27;998.0
UBS I;GO;101.0;10.0;SOJA;11026715P2075;NEO761 I2X;SEM TRATAMENTO;S2;P2;BG;27;993.0
UBS I;GO;101.0;10.0;SOJA;11026715P2077;NEO761 I2X;SEM TRATAMENTO;S2;P2;BG;27;999.0
UBS I;GO;101.0;10.0;SOJA;11026715P2078;NEO761 I2X;SEM TRATAMENTO;S2;P2;BG;24;1023.0
UBS I;GO;101.0;10.0;SOJA;11026715P2080;NEO761 I2X;SEM TRATAMENTO;S2;P2;BG;24;1021.0
UBS I;GO;101.0;10.0;SOJA;11026715P2081;NEO761 I2X;SEM TRATAMENTO;S2;P2;BG;27;977.0
UBS I;GO;101.0;10.0;SOJA;11026715P2082;NEO761 I2X;SEM TRATAMENTO;S2;P2;BG;27;981.0
UBS I;GO;101.0;10.0;SOJA;11026715P2084;NEO761 I2X;SEM TRATAMENTO;S2;P2;BG;27;996.0
UBS I;GO;101.0;10.0;SOJA;11026715P2085;NEO761 I2X;SEM TRATAMENTO;S2;P2;BG;27;995.0
UBS I;GO;101.0;10.0;SOJA;11026715P2086;NEO761 I2X;SEM TRATAMENTO;C1;P2;BG;24;1037.0
UBS I;GO;101.0;10.0;SOJA;11026715P2088;NEO761 I2X;SEM TRATAMENTO;C1;P2;BG;24;1024.0
UBS I;GO;101.0;10.0;SOJA;11026715P2089;NEO761 I2X;SEM TRATAMENTO;C1;P2;BG;24;1009.0
UBS I;GO;101.0;10.0;SOJA;11026715P2091;NEO761 I2X;SEM TRATAMENTO;C1;P2;BG;12;1006.0
UBS I;GO;101.0;10.0;SOJA;11026715P2151;NEO761 I2X;SEM TRATAMENTO;C1;P2;BG;24;1045.0
UBS I;GO;101.0;10.0;SOJA;11026715P2152;NEO761 I2X;SEM TRATAMENTO;C1;P2;BG;24;1075.0
UBS I;GO;101.0;10.0;SOJA;11026715P2154;NEO761 I2X;SEM TRATAMENTO;S2;P2;BG;6;1061.0
UBS I;GO;101.0;10.0;SOJA;11026715P2155;NEO761 I2X;SEM TRATAMENTO;S2;P2;BG;27;995.0
UBS I;GO;101.0;10.0;SOJA;11026715P2157;NEO761 I2X;SEM TRATAMENTO;S2;P2;BG;24;1049.0
UBS I;GO;101.0;10.0;SOJA;11026715P2158;NEO761 I2X;SEM TRATAMENTO;S2;P2;BG;24;1050.0
UBS I;GO;101.0;10.0;SOJA;11026715P2159;NEO761 I2X;SEM TRATAMENTO;S2;P2;BG;24;1062.0
UBS I;GO;101.0;10.0;SOJA;11026715P2160;NEO761 I2X;SEM TRATAMENTO;S2;P2;BG;24;1032.0
UBS I;GO;101.0;10.0;SOJA;11026715P2162;NEO761 I2X;SEM TRATAMENTO;S2;P2;BG;24;1048.0
UBS I;GO;101.0;10.0;SOJA;11026715P2163;NEO761 I2X;SEM TRATAMENTO;S2;P2;BG;24;1064.0
UBS I;GO;101.0;10.0;SOJA;11026715P2164;NEO761 I2X;SEM TRATAMENTO;S2;P2;BG;24;1078.0
UBS I;GO;101.0;10.0;SOJA;11026715P2165;NEO761 I2X;SEM TRATAMENTO;S2;P2;BG;24;1073.0
UBS I;GO;101.0;10.0;SOJA;11026715P2166;NEO761 I2X;SEM TRATAMENTO;S2;P2;BG;24;1065.0
UBS I;GO;101.0;10.0;SOJA;11026715P2168;NEO761 I2X;SEM TRATAMENTO;S2;P2;BG;23;1077.0
UBS I;GO;101.0;10.0;SOJA;11026739P1001;NEO700 I2X;SEM TRATAMENTO;C2;P1;BG;27;923.0
UBS I;GO;101.0;10.0;SOJA;11026739P1003;NEO700 I2X;SEM TRATAMENTO;C2;P1;BG;30;868.0
UBS I;GO;101.0;10.0;SOJA;11026739P1004;NEO700 I2X;SEM TRATAMENTO;C2;P1;BG;30;782.0
UBS I;GO;101.0;10.0;SOJA;11026739P1006;NEO700 I2X;SEM TRATAMENTO;C2;P1;BG;30;795.0
UBS I;GO;101.0;10.0;SOJA;11026739P1007;NEO700 I2X;SEM TRATAMENTO;C2;P1;BG;30;790.0
UBS I;GO;101.0;10.0;SOJA;11026739P1009;NEO700 I2X;SEM TRATAMENTO;C2;P1;BG;30;791.0
UBS I;GO;101.0;10.0;SOJA;11026739P1010;NEO700 I2X;SEM TRATAMENTO;C2;P1;BG;30;790.0
UBS I;GO;101.0;10.0;SOJA;11026739P1012;NEO700 I2X;SEM TRATAMENTO;C2;P1;BG;30;775.0
UBS I;GO;101.0;10.0;SOJA;11026739P1014;NEO700 I2X;SEM TRATAMENTO;C2;P1;BG;30;800.0
UBS I;GO;101.0;10.0;SOJA;11026739P1015;NEO700 I2X;SEM TRATAMENTO;C2;P1;BG;30;787.0
UBS I;GO;101.0;10.0;SOJA;11026739P1017;NEO700 I2X;SEM TRATAMENTO;C2;P1;BG;0;798.0
UBS I;GO;101.0;10.0;SOJA;11026739P1018;NEO700 I2X;SEM TRATAMENTO;C2;P1;BG;30;804.0
UBS I;GO;101.0;10.0;SOJA;11026739P1021;NEO700 I2X;SEM TRATAMENTO;C2;P1;BG;0;825.0
UBS I;GO;101.0;10.0;SOJA;11026739P1023;NEO700 I2X;SEM TRATAMENTO;C2;P1;BG;30;813.0
UBS I;GO;101.0;10.0;SOJA;11026739P1025;NEO700 I2X;SEM TRATAMENTO;C2;P1;BG;30;806.0
UBS I;GO;101.0;10.0;SOJA;11026739P1028;NEO700 I2X;SEM TRATAMENTO;C2;P1;BG;30;805.0
UBS I;GO;101.0;10.0;SOJA;11026739P1030;NEO700 I2X;SEM TRATAMENTO;C2;P1;BG;30;803.0
UBS I;GO;101.0;10.0;SOJA;11026739P1033;NEO700 I2X;SEM TRATAMENTO;C2;P1;BG;30;829.0
UBS I;GO;101.0;10.0;SOJA;11026739P1035;NEO700 I2X;SEM TRATAMENTO;C2;P1;BG;30;782.0
UBS I;GO;101.0;10.0;SOJA;11026739P1036;NEO700 I2X;SEM TRATAMENTO;C2;P1;BG;24;782.0
UBS I;GO;101.0;10.0;SOJA;11026739P1038;NEO700 I2X;SEM TRATAMENTO;C2;P1;BG;21;793.0
UBS I;GO;101.0;10.0;SOJA;11026739P1041;NEO700 I2X;SEM TRATAMENTO;C2;P1;BG;0;814.0
UBS I;GO;101.0;10.0;SOJA;11026739P1043;NEO700 I2X;SEM TRATAMENTO;C2;P1;BG;0;820.0
UBS I;GO;101.0;10.0;SOJA;11026739P1322;NEO700 I2X;SEM TRATAMENTO;C2;P1;BG;30;824.0
UBS I;GO;101.0;10.0;SOJA;11026739P1324;NEO700 I2X;SEM TRATAMENTO;C2;P1;BG;0;818.0
UBS I;GO;101.0;10.0;SOJA;11026739P1328;NEO700 I2X;SEM TRATAMENTO;C2;P1;BG;0;827.0
UBS I;GO;101.0;10.0;SOJA;11026739P1329;NEO700 I2X;SEM TRATAMENTO;C2;P1;BG;30;822.0
UBS I;GO;101.0;10.0;SOJA;11026739P1332;NEO700 I2X;SEM TRATAMENTO;S2 ;P1;BG;20;828.0
UBS I;GO;101.0;10.0;SOJA;11026739P2002;NEO700 I2X;SEM TRATAMENTO;C2;P2;BG;9;1127.0
UBS I;GO;101.0;10.0;SOJA;11026739P2005;NEO700 I2X;SEM TRATAMENTO;C2;P2;BG;27;964.0
UBS I;GO;101.0;10.0;SOJA;11026739P2008;NEO700 I2X;SEM TRATAMENTO;C2;P2;BG;27;946.0
UBS I;GO;101.0;10.0;SOJA;11026739P2011;NEO700 I2X;SEM TRATAMENTO;C2;P2;BG;27;955.0
UBS I;GO;101.0;10.0;SOJA;11026739P2013;NEO700 I2X;SEM TRATAMENTO;C2;P2;BG;27;964.0
UBS I;GO;101.0;10.0;SOJA;11026739P2016;NEO700 I2X;SEM TRATAMENTO;C2;P2;BG;27;949.0
UBS I;GO;101.0;10.0;SOJA;11026739P2019;NEO700 I2X;SEM TRATAMENTO;C2;P2;BG;27;973.0
UBS I;GO;101.0;10.0;SOJA;11026739P2020;NEO700 I2X;SEM TRATAMENTO;C2;P2;BG;27;998.0
UBS I;GO;101.0;10.0;SOJA;11026739P2022;NEO700 I2X;SEM TRATAMENTO;C2;P2;BG;27;969.0
UBS I;GO;101.0;10.0;SOJA;11026739P2024;NEO700 I2X;SEM TRATAMENTO;C2;P2;BG;27;964.0
UBS I;GO;101.0;10.0;SOJA;11026739P2026;NEO700 I2X;SEM TRATAMENTO;C2;P2;BG;27;956.0
UBS I;GO;101.0;10.0;SOJA;11026739P2027;NEO700 I2X;SEM TRATAMENTO;C2;P2;BG;27;963.0
UBS I;GO;101.0;10.0;SOJA;11026739P2029;NEO700 I2X;SEM TRATAMENTO;C2;P2;BG;27;958.0
UBS I;GO;101.0;10.0;SOJA;11026739P2031;NEO700 I2X;SEM TRATAMENTO;C2;P2;BG;27;940.0
UBS I;GO;101.0;10.0;SOJA;11026739P2032;NEO700 I2X;SEM TRATAMENTO;C2;P2;BG;27;956.0
UBS I;GO;101.0;10.0;SOJA;11026739P2034;NEO700 I2X;SEM TRATAMENTO;C2;P2;BG;27;937.0
UBS I;GO;101.0;10.0;SOJA;11026739P2037;NEO700 I2X;SEM TRATAMENTO;C2;P2;BG;27;931.0
UBS I;GO;101.0;10.0;SOJA;11026739P2039;NEO700 I2X;SEM TRATAMENTO;C2;P2;BG;27;948.0
UBS I;GO;101.0;10.0;SOJA;11026739P2040;NEO700 I2X;SEM TRATAMENTO;C2;P2;BG;27;950.0
UBS I;GO;101.0;10.0;SOJA;11026739P2042;NEO700 I2X;SEM TRATAMENTO;C2;P2;BG;27;981.0
UBS I;GO;101.0;10.0;SOJA;11026739P2044;NEO700 I2X;SEM TRATAMENTO;C2;P2;BG;17;977.0
UBS I;GO;101.0;10.0;SOJA;11026739P2321;NEO700 I2X;SEM TRATAMENTO;C2;P2;BG;27;988.0
UBS I;GO;101.0;10.0;SOJA;11026739P2323;NEO700 I2X;SEM TRATAMENTO;C2;P2;BG;27;977.0
UBS I;GO;101.0;10.0;SOJA;11026739P2325;NEO700 I2X;SEM TRATAMENTO;C2;P2;BG;27;986.0
UBS I;GO;101.0;10.0;SOJA;11026739P2326;NEO700 I2X;SEM TRATAMENTO;C2;P2;BG;27;983.0
UBS I;GO;101.0;10.0;SOJA;11026739P2327;NEO700 I2X;SEM TRATAMENTO;C2;P2;BG;0;968.0
UBS I;GO;101.0;10.0;SOJA;11026739P2330;NEO700 I2X;SEM TRATAMENTO;S2;P2;BG;27;955.0
UBS I;GO;101.0;10.0;SOJA;11026739P2331;NEO700 I2X;SEM TRATAMENTO;S2;P2;BG;27;939.0
UBS I;GO;101.0;10.0;SOJA;11026739P2333;NEO700 I2X;SEM TRATAMENTO;S2;P2;BG;27;970.0
UBS I;GO;101.0;10.0;SOJA;11026739P2334;NEO700 I2X;SEM TRATAMENTO;S2;P2;BG;27;985.0
UBS I;GO;101.0;10.0;SOJA;11026739P2335;NEO700 I2X;SEM TRATAMENTO;S2;P2;BG;16;989.0
UBS I;GO;101.0;10.0;SOJA;11026740P1046;NEO771 I2X;SEM TRATAMENTO;C2;P1;BG;5;684.0
UBS I;GO;101.0;10.0;SOJA;11026740P1048;NEO771 I2X;SEM TRATAMENTO;C2;P1;BG;30;693.0
UBS I;GO;101.0;10.0;SOJA;11026740P1050;NEO771 I2X;SEM TRATAMENTO;C2;P1;BG;30;697.0
UBS I;GO;101.0;10.0;SOJA;11026740P1052;NEO771 I2X;SEM TRATAMENTO;C2;P1;BG;30;696.0
UBS I;GO;101.0;10.0;SOJA;11026740P1054;NEO771 I2X;SEM TRATAMENTO;C2;P1;BG;30;698.0
UBS I;GO;101.0;10.0;SOJA;11026740P1056;NEO771 I2X;SEM TRATAMENTO;C2;P1;BG;30;699.0
UBS I;GO;101.0;10.0;SOJA;11026740P1058;NEO771 I2X;SEM TRATAMENTO;C2;P1;BG;30;696.0
UBS I;GO;101.0;10.0;SOJA;11026740P1093;NEO771 I2X;SEM TRATAMENTO;C2;P1;BG;30;708.0
UBS I;GO;101.0;10.0;SOJA;11026740P1094;NEO771 I2X;SEM TRATAMENTO;C2;P1;BG;30;715.0
UBS I;GO;101.0;10.0;SOJA;11026740P1096;NEO771 I2X;SEM TRATAMENTO;C2;P1;BG;30;699.0
UBS I;GO;101.0;10.0;SOJA;11026740P1098;NEO771 I2X;SEM TRATAMENTO;C2;P1;BG;30;712.0
UBS I;GO;101.0;10.0;SOJA;11026740P1100;NEO771 I2X;SEM TRATAMENTO;C2;P1;BG;30;712.0
UBS I;GO;101.0;10.0;SOJA;11026740P1101;NEO771 I2X;SEM TRATAMENTO;C2;P1;BG;30;714.0
UBS I;GO;101.0;10.0;SOJA;11026740P1103;NEO771 I2X;SEM TRATAMENTO;C2;P1;BG;30;718.0
UBS I;GO;101.0;10.0;SOJA;11026740P1105;NEO771 I2X;SEM TRATAMENTO;C2;P1;BG;30;721.0
UBS I;GO;101.0;10.0;SOJA;11026740P1107;NEO771 I2X;SEM TRATAMENTO;C2;P1;BG;30;718.0
UBS I;GO;101.0;10.0;SOJA;11026740P1109;NEO771 I2X;SEM TRATAMENTO;C2;P1;BG;30;721.0
UBS I;GO;101.0;10.0;SOJA;11026740P1111;NEO771 I2X;SEM TRATAMENTO;C2;P1;BG;30;728.0
UBS I;GO;101.0;10.0;SOJA;11026740P1113;NEO771 I2X;SEM TRATAMENTO;C2;P1;BG;30;710.0
UBS I;GO;101.0;10.0;SOJA;11026740P1114;NEO771 I2X;SEM TRATAMENTO;C2;P1;BG;30;715.0
UBS I;GO;101.0;10.0;SOJA;11026740P1116;NEO771 I2X;SEM TRATAMENTO;C2;P1;BG;30;709.0
UBS I;GO;101.0;10.0;SOJA;11026740P1118;NEO771 I2X;SEM TRATAMENTO;C2;P1;BG;30;705.0
UBS I;GO;101.0;10.0;SOJA;11026740P1119;NEO771 I2X;SEM TRATAMENTO;C2;P1;BG;30;702.0
UBS I;GO;101.0;10.0;SOJA;11026740P1121;NEO771 I2X;SEM TRATAMENTO;C2;P1;BG;30;694.0
UBS I;GO;101.0;10.0;SOJA;11026740P1123;NEO771 I2X;SEM TRATAMENTO;C2;P1;BG;30;705.0
UBS I;GO;101.0;10.0;SOJA;11026740P1124;NEO771 I2X;SEM TRATAMENTO;C2;P1;BG;30;708.0
UBS I;GO;101.0;10.0;SOJA;11026740P1126;NEO771 I2X;SEM TRATAMENTO;C2;P1;BG;30;713.0
UBS I;GO;101.0;10.0;SOJA;11026740P1128;NEO771 I2X;SEM TRATAMENTO;C2;P1;BG;30;718.0
UBS I;GO;101.0;10.0;SOJA;11026740P1130;NEO771 I2X;SEM TRATAMENTO;C2;P1;BG;30;710.0
UBS I;GO;101.0;10.0;SOJA;11026740P1131;NEO771 I2X;SEM TRATAMENTO;C2;P1;BG;30;712.0
UBS I;GO;101.0;10.0;SOJA;11026740P1133;NEO771 I2X;SEM TRATAMENTO;C2;P1;BG;30;713.0
UBS I;GO;101.0;10.0;SOJA;11026740P1135;NEO771 I2X;SEM TRATAMENTO;C2;P1;BG;30;712.0
UBS I;GO;101.0;10.0;SOJA;11026740P1137;NEO771 I2X;SEM TRATAMENTO;C2;P1;BG;30;710.0
UBS I;GO;101.0;10.0;SOJA;11026740P1138;NEO771 I2X;SEM TRATAMENTO;C2;P1;BG;30;713.0
UBS I;GO;101.0;10.0;SOJA;11026740P1140;NEO771 I2X;SEM TRATAMENTO;C2;P1;BG;30;723.0
UBS I;GO;101.0;10.0;SOJA;11026740P1142;NEO771 I2X;SEM TRATAMENTO;C2;P1;BG;30;705.0
UBS I;GO;101.0;10.0;SOJA;11026740P1144;NEO771 I2X;SEM TRATAMENTO;C2;P1;BG;30;697.0
UBS I;GO;101.0;10.0;SOJA;11026740P1145;NEO771 I2X;SEM TRATAMENTO;C2;P1;BG;30;708.0
UBS I;GO;101.0;10.0;SOJA;11026740P1146;NEO771 I2X;SEM TRATAMENTO;C2;P1;BG;30;683.0
UBS I;GO;101.0;10.0;SOJA;11026740P1147;NEO771 I2X;SEM TRATAMENTO;C2;P1;BG;30;690.0
UBS I;GO;101.0;10.0;SOJA;11026740P1149;NEO771 I2X;SEM TRATAMENTO;C2;P1;BG;30;704.0
UBS I;GO;101.0;10.0;SOJA;11026740P1150;NEO771 I2X;SEM TRATAMENTO;C2;P1;BG;22;705.0
UBS I;GO;101.0;10.0;SOJA;11026740P1169;NEO771 I2X;SEM TRATAMENTO;C2;P1;BG;30;735.0
UBS I;GO;101.0;10.0;SOJA;11026740P1171;NEO771 I2X;SEM TRATAMENTO;C2;P1;BG;30;732.0
UBS I;GO;101.0;10.0;SOJA;11026740P1173;NEO771 I2X;SEM TRATAMENTO;C2;P1;BG;30;716.0
UBS I;GO;101.0;10.0;SOJA;11026740P1175;NEO771 I2X;SEM TRATAMENTO;C2;P1;BG;30;741.0
UBS I;GO;101.0;10.0;SOJA;11026740P1176;NEO771 I2X;SEM TRATAMENTO;C2;P1;BG;30;732.0
UBS I;GO;101.0;10.0;SOJA;11026740P1178;NEO771 I2X;SEM TRATAMENTO;C2;P1;BG;30;742.0
UBS I;GO;101.0;10.0;SOJA;11026740P1181;NEO771 I2X;SEM TRATAMENTO;C2;P1;BG;30;734.0
UBS I;GO;101.0;10.0;SOJA;11026740P1183;NEO771 I2X;SEM TRATAMENTO;C2;P1;BG;30;738.0
UBS I;GO;101.0;10.0;SOJA;11026740P1185;NEO771 I2X;SEM TRATAMENTO;C2;P1;BG;24;743.0
UBS I;GO;101.0;10.0;SOJA;11026740P2045;NEO771 I2X;SEM TRATAMENTO;C2;P2;BG;30;834.0
UBS I;GO;101.0;10.0;SOJA;11026740P2047;NEO771 I2X;SEM TRATAMENTO;C2;P2;BG;30;856.0
UBS I;GO;101.0;10.0;SOJA;11026740P2049;NEO771 I2X;SEM TRATAMENTO;C2;P2;BG;30;872.0
UBS I;GO;101.0;10.0;SOJA;11026740P2051;NEO771 I2X;SEM TRATAMENTO;C2;P2;BG;30;876.0
UBS I;GO;101.0;10.0;SOJA;11026740P2053;NEO771 I2X;SEM TRATAMENTO;C2;P2;BG;30;852.0
UBS I;GO;101.0;10.0;SOJA;11026740P2055;NEO771 I2X;SEM TRATAMENTO;C2;P2;BG;30;854.0
UBS I;GO;101.0;10.0;SOJA;11026740P2057;NEO771 I2X;SEM TRATAMENTO;C2;P2;BG;30;883.0
UBS I;GO;101.0;10.0;SOJA;11026740P2059;NEO771 I2X;SEM TRATAMENTO;C2;P2;BG;30;868.0
UBS I;GO;101.0;10.0;SOJA;11026740P2092;NEO771 I2X;SEM TRATAMENTO;C2;P2;BG;30;881.0
UBS I;GO;101.0;10.0;SOJA;11026740P2095;NEO771 I2X;SEM TRATAMENTO;C2;P2;BG;30;862.0
UBS I;GO;101.0;10.0;SOJA;11026740P2097;NEO771 I2X;SEM TRATAMENTO;C2;P2;BG;30;896.0
UBS I;GO;101.0;10.0;SOJA;11026740P2099;NEO771 I2X;SEM TRATAMENTO;C2;P2;BG;30;904.0
UBS I;GO;101.0;10.0;SOJA;11026740P2102;NEO771 I2X;SEM TRATAMENTO;C2;P2;BG;30;882.0
UBS I;GO;101.0;10.0;SOJA;11026740P2104;NEO771 I2X;SEM TRATAMENTO;C2;P2;BG;30;882.0
UBS I;GO;101.0;10.0;SOJA;11026740P2106;NEO771 I2X;SEM TRATAMENTO;C2;P2;BG;30;904.0
UBS I;GO;101.0;10.0;SOJA;11026740P2108;NEO771 I2X;SEM TRATAMENTO;C2;P2;BG;30;897.0
UBS I;GO;101.0;10.0;SOJA;11026740P2110;NEO771 I2X;SEM TRATAMENTO;C2;P2;BG;30;876.0
UBS I;GO;101.0;10.0;SOJA;11026740P2112;NEO771 I2X;SEM TRATAMENTO;C2;P2;BG;30;866.0
UBS I;GO;101.0;10.0;SOJA;11026740P2115;NEO771 I2X;SEM TRATAMENTO;C2;P2;BG;30;876.0
UBS I;GO;101.0;10.0;SOJA;11026740P2117;NEO771 I2X;SEM TRATAMENTO;C2;P2;BG;30;884.0
UBS I;GO;101.0;10.0;SOJA;11026740P2120;NEO771 I2X;SEM TRATAMENTO;C2;P2;BG;30;832.0
UBS I;GO;101.0;10.0;SOJA;11026740P2122;NEO771 I2X;SEM TRATAMENTO;C2;P2;BG;30;848.0
UBS I;GO;101.0;10.0;SOJA;11026740P2125;NEO771 I2X;SEM TRATAMENTO;C2;P2;BG;30;877.0
UBS I;GO;101.0;10.0;SOJA;11026740P2127;NEO771 I2X;SEM TRATAMENTO;C2;P2;BG;30;892.0
UBS I;GO;101.0;10.0;SOJA;11026740P2129;NEO771 I2X;SEM TRATAMENTO;C2;P2;BG;30;883.0
UBS I;GO;101.0;10.0;SOJA;11026740P2132;NEO771 I2X;SEM TRATAMENTO;C2;P2;BG;30;883.0
UBS I;GO;101.0;10.0;SOJA;11026740P2134;NEO771 I2X;SEM TRATAMENTO;C2;P2;BG;30;867.0
UBS I;GO;101.0;10.0;SOJA;11026740P2136;NEO771 I2X;SEM TRATAMENTO;C2;P2;BG;30;852.0
UBS I;GO;101.0;10.0;SOJA;11026740P2139;NEO771 I2X;SEM TRATAMENTO;C2;P2;BG;30;879.0
UBS I;GO;101.0;10.0;SOJA;11026740P2141;NEO771 I2X;SEM TRATAMENTO;C2;P2;BG;30;861.0
UBS I;GO;101.0;10.0;SOJA;11026740P2143;NEO771 I2X;SEM TRATAMENTO;C2;P2;BG;30;853.0
UBS I;GO;101.0;10.0;SOJA;11026740P2148;NEO771 I2X;SEM TRATAMENTO;C2;P2;BG;26;820.0
UBS I;GO;101.0;10.0;SOJA;11026740P2170;NEO771 I2X;SEM TRATAMENTO;C2;P2;BG;30;878.0
UBS I;GO;101.0;10.0;SOJA;11026740P2172;NEO771 I2X;SEM TRATAMENTO;C2;P2;BG;30;859.0
UBS I;GO;101.0;10.0;SOJA;11026740P2174;NEO771 I2X;SEM TRATAMENTO;C2;P2;BG;30;879.0
UBS I;GO;101.0;10.0;SOJA;11026740P2177;NEO771 I2X;SEM TRATAMENTO;C2;P2;BG;30;872.0
UBS I;GO;101.0;10.0;SOJA;11026740P2179;NEO771 I2X;SEM TRATAMENTO;C2;P2;BG;30;876.0
UBS I;GO;101.0;10.0;SOJA;11026740P2180;NEO771 I2X;SEM TRATAMENTO;C2;P2;BG;30;872.0
UBS I;GO;101.0;10.0;SOJA;11026740P2182;NEO771 I2X;SEM TRATAMENTO;C2;P2;BG;30;871.0
UBS I;GO;101.0;10.0;SOJA;11026740P2184;NEO771 I2X;SEM TRATAMENTO;C2;P2;BG;23;870.0
UBS I;GO;101.0;10.0;SOJA;11026755P1336;M 7535 I2X;SEM TRATAMENTO;C1;P1;BG;30;752.0
UBS I;GO;101.0;10.0;SOJA;11026755P1339;M 7535 I2X;SEM TRATAMENTO;C1;P1;BG;8;746.0
UBS I;GO;101.0;10.0;SOJA;11026755P2337;M 7535 I2X;SEM TRATAMENTO;C1;P2;BG;30;888.0
UBS I;GO;101.0;10.0;SOJA;11026755P2338;M 7535 I2X;SEM TRATAMENTO;C1;P2;BG;30;889.0
UBS I;GO;101.0;10.0;SOJA;11026755P2340;M 7535 I2X;SEM TRATAMENTO;C1;P2;BG;10;878.0
UBS I;GO;101.0;10.0;SOJA;11026756P1233;C2810CE;SEM TRATAMENTO;C1;P1;BG;30;730.0
UBS I;GO;101.0;10.0;SOJA;11026756P1235;C2810CE;SEM TRATAMENTO;C1;P1;BG;30;734.0
UBS I;GO;101.0;10.0;SOJA;11026756P2234;C2810CE;SEM TRATAMENTO;C1;P2;BG;30;871.0
UBS I;GO;101.0;10.0;SOJA;11026756P2236;C2810CE;SEM TRATAMENTO;C1;P2;BG;12;852.0
UBS I;GO;101.0;10.0;SOJA;11026757P1282;NEO780 CE;SEM TRATAMENTO;C1;P1;BG;30;729.0
UBS I;GO;101.0;10.0;SOJA;11026757P1285;NEO780 CE;SEM TRATAMENTO;C1;P1;BG;30;760.0
UBS I;GO;101.0;10.0;SOJA;11026757P1286;NEO780 CE;SEM TRATAMENTO;C1;P1;BG;0;740.0
UBS I;GO;101.0;10.0;SOJA;11026757P1288;NEO780 CE;SEM TRATAMENTO;C1;P1;BG;6;733.0
UBS I;GO;101.0;10.0;SOJA;11026757P2283;NEO780 CE;SEM TRATAMENTO;C1;P2;BG;30;929.0
UBS I;GO;101.0;10.0;SOJA;11026757P2284;NEO780 CE;SEM TRATAMENTO;C1;P2;BG;30;913.0
UBS I;GO;101.0;10.0;SOJA;11026757P2287;NEO780 CE;SEM TRATAMENTO;C1;P2;BG;30;900.0
UBS I;GO;101.0;10.0;SOJA;11026760P1214;SOYTECH 745 I2X;SEM TRATAMENTO;C1;P1;BG;30;695.0
UBS I;GO;101.0;10.0;SOJA;11026760P1217;SOYTECH 745 I2X;SEM TRATAMENTO;C1;P1;BG;30;651.0
UBS I;GO;101.0;10.0;SOJA;11026760P1218;SOYTECH 745 I2X;SEM TRATAMENTO;C1;P1;BG;30;646.0
UBS I;GO;101.0;10.0;SOJA;11026760P1221;SOYTECH 745 I2X;SEM TRATAMENTO;C1;P1;BG;30;648.0
UBS I;GO;101.0;10.0;SOJA;11026760P1223;SOYTECH 745 I2X;SEM TRATAMENTO;C1;P1;BG;30;643.0
UBS I;GO;101.0;10.0;SOJA;11026760P1226;SOYTECH 745 I2X;SEM TRATAMENTO;C1;P1;BG;30;644.0
UBS I;GO;101.0;10.0;SOJA;11026760P1228;SOYTECH 745 I2X;SEM TRATAMENTO;C1;P1;BG;30;638.0
UBS I;GO;101.0;10.0;SOJA;11026760P1231;SOYTECH 745 I2X;SEM TRATAMENTO;C1;P1;BG;30;636.0
UBS I;GO;101.0;10.0;SOJA;11026760P2215;SOYTECH 745 I2X;SEM TRATAMENTO;C1;P2;BG;30;819.0
UBS I;GO;101.0;10.0;SOJA;11026760P2216;SOYTECH 745 I2X;SEM TRATAMENTO;C1;P2;BG;30;802.0
UBS I;GO;101.0;10.0;SOJA;11026760P2219;SOYTECH 745 I2X;SEM TRATAMENTO;C1;P2;BG;30;815.0
UBS I;GO;101.0;10.0;SOJA;11026760P2220;SOYTECH 745 I2X;SEM TRATAMENTO;C1;P2;BG;30;796.0
UBS I;GO;101.0;10.0;SOJA;11026760P2222;SOYTECH 745 I2X;SEM TRATAMENTO;C1;P2;BG;30;794.0
UBS I;GO;101.0;10.0;SOJA;11026760P2224;SOYTECH 745 I2X;SEM TRATAMENTO;C1;P2;BG;30;793.0
UBS I;GO;101.0;10.0;SOJA;11026760P2225;SOYTECH 745 I2X;SEM TRATAMENTO;C1;P2;BG;30;791.0
UBS I;GO;101.0;10.0;SOJA;11026760P2227;SOYTECH 745 I2X;SEM TRATAMENTO;C1;P2;BG;30;804.0
UBS I;GO;101.0;10.0;SOJA;11026760P2229;SOYTECH 745 I2X;SEM TRATAMENTO;C1;P2;BG;30;787.0
UBS I;GO;101.0;10.0;SOJA;11026760P2230;SOYTECH 745 I2X;SEM TRATAMENTO;C1;P2;BG;30;792.0
UBS I;GO;101.0;10.0;SOJA;11026760P2232;SOYTECH 745 I2X;SEM TRATAMENTO;C1;P2;BG;17;808.0
UBS I;GO;101.0;10.0;SOJA;11026764P1290;NEO791 CE;SEM TRATAMENTO;C1;P1;BG;30;583.0
UBS I;GO;101.0;10.0;SOJA;11026764P1294;NEO791 CE;SEM TRATAMENTO;C1;P1;BG;30;544.0
UBS I;GO;101.0;10.0;SOJA;11026764P1299;NEO791 CE;SEM TRATAMENTO;C1;P1;BG;9;553.0
UBS I;GO;101.0;10.0;SOJA;11026764P2289;NEO791 CE;SEM TRATAMENTO;C1;P2;BG;30;712.0
UBS I;GO;101.0;10.0;SOJA;11026764P2291;NEO791 CE;SEM TRATAMENTO;C1;P2;BG;30;720.0
UBS I;GO;101.0;10.0;SOJA;11026764P2292;NEO791 CE;SEM TRATAMENTO;C1;P2;BG;30;770.0
UBS I;GO;101.0;10.0;SOJA;11026764P2293;NEO791 CE;SEM TRATAMENTO;C1;P2;BG;30;718.0
UBS I;GO;101.0;10.0;SOJA;11026764P2295;NEO791 CE;SEM TRATAMENTO;C1;P2;BG;30;720.0
UBS I;GO;101.0;10.0;SOJA;11026764P2296;NEO791 CE;SEM TRATAMENTO;C1;P2;BG;30;717.0
UBS I;GO;101.0;10.0;SOJA;11026764P2297;NEO791 CE;SEM TRATAMENTO;C1;P2;BG;30;725.0
UBS I;GO;101.0;10.0;SOJA;11026764P2298;NEO791 CE;SEM TRATAMENTO;C1;P2;BG;18;723.0
LPCO;GO;101.0;11.0;SOJA;11149P1601;NEO680 IPRO;ST;S2;P1;BG;30;838.0
LPCO;GO;101.0;11.0;SOJA;11149P1603;NEO680 IPRO;ST;S2;P1;BG;0;826.0
LPCO;GO;101.0;11.0;SOJA;11149P1604;NEO680 IPRO;ST;S2;P1;BG;30;822.0
LPCO;GO;101.0;11.0;SOJA;11149P1606;NEO680 IPRO;ST;S2;P1;BG;30;830.0
LPCO;GO;101.0;11.0;SOJA;11149P1607;NEO680 IPRO;ST;S2;P1;BG;30;794.0
LPCO;GO;101.0;11.0;SOJA;11149P1608;NEO680 IPRO;ST;S2;P1;BG;30;785.0
LPCO;GO;101.0;11.0;SOJA;11149P1609;NEO680 IPRO;ST;S2;P1;BG;30;789.0
LPCO;GO;101.0;11.0;SOJA;11149P1610;NEO680 IPRO;ST;S2;P1;BG;30;792.0
LPCO;GO;101.0;11.0;SOJA;11149P1611;NEO680 IPRO;ST;S2;P1;BG;30;802.0
LPCO;GO;101.0;11.0;SOJA;11149P1612;NEO680 IPRO;ST;S2;P1;BG;30;797.0
LPCO;GO;101.0;11.0;SOJA;11149P1613;NEO680 IPRO;ST;S2;P1;BG;30;764.0
LPCO;GO;101.0;11.0;SOJA;11149P1614;NEO680 IPRO;ST;S2;P1;BG;30;764.0
LPCO;GO;101.0;11.0;SOJA;11149P1616;NEO680 IPRO;ST;S2;P1;BG;0;765.0
LPCO;GO;101.0;11.0;SOJA;11149P1617;NEO680 IPRO;ST;S2;P1;BG;30;762.0
LPCO;GO;101.0;11.0;SOJA;11149P1618;NEO680 IPRO;ST;S2;P1;BG;0;787.0
LPCO;GO;101.0;11.0;SOJA;11149P1620;NEO680 IPRO;ST;C1;P1;BG;0;787.0
LPCO;GO;101.0;11.0;SOJA;11149P1621;NEO680 IPRO;ST;C1;P1;BG;0;778.0
LPCO;GO;101.0;11.0;SOJA;11149P1622;NEO680 IPRO;ST;C1;P1;BG;16;785.0
LPCO;GO;101.0;11.0;SOJA;11149P1624;NEO680 IPRO;ST;C1;P1;BG;0;789.0
LPCO;GO;101.0;11.0;SOJA;11149P1626;NEO680 IPRO;ST;C1;P1;BG;0;783.0
LPCO;GO;101.0;11.0;SOJA;11149P1627;NEO680 IPRO;ST;C1;P1;BG;30;775.0
LPCO;GO;101.0;11.0;SOJA;11149P1628;NEO680 IPRO;ST;C1;P1;BG;30;747.0
LPCO;GO;101.0;11.0;SOJA;11149P1630;NEO680 IPRO;ST;S2;P1;BG;30;786.0
LPCO;GO;101.0;11.0;SOJA;11149P1631;NEO680 IPRO;ST;S2;P1;BG;30;759.0
LPCO;GO;101.0;11.0;SOJA;11149P1632;NEO680 IPRO;ST;S2;P1;BG;30;760.0
LPCO;GO;101.0;11.0;SOJA;11149P1633;NEO680 IPRO;ST;S2;P1;BG;30;763.0
LPCO;GO;101.0;11.0;SOJA;11149P1635;NEO680 IPRO;ST;S2;P1;BG;30;769.0
LPCO;GO;101.0;11.0;SOJA;11149P1636;NEO680 IPRO;ST;S2;P1;BG;30;739.0
LPCO;GO;101.0;11.0;SOJA;11149P1637;NEO680 IPRO;ST;S2;P1;BG;30;720.0
LPCO;GO;101.0;11.0;SOJA;11149P1638;NEO680 IPRO;ST;S2;P1;BG;30;755.0
LPCO;GO;101.0;11.0;SOJA;11149P1639;NEO680 IPRO;ST;S2;P1;BG;30;746.0
LPCO;GO;101.0;11.0;SOJA;11149P1641;NEO680 IPRO;ST;S2;P1;BG;30;800.0
LPCO;GO;101.0;11.0;SOJA;11149P1643;NEO680 IPRO;ST;S2;P1;BG;30;766.0
LPCO;GO;101.0;11.0;SOJA;11149P1644;NEO680 IPRO;ST;S2;P1;BG;9;777.0
LPCO;GO;101.0;11.0;SOJA;11149P2602;NEO680 IPRO;ST;S2;P2;BG;14;1010.0
LPCO;GO;101.0;11.0;SOJA;11149P2605;NEO680 IPRO;ST;S2;P2;BG;27;998.0
LPCO;GO;101.0;11.0;SOJA;11149P2615;NEO680 IPRO;ST;S2;P2;BG;27;931.0
LPCO;GO;101.0;11.0;SOJA;11149P2619;NEO680 IPRO;ST;C1;P2;BG;27;928.0
LPCO;GO;101.0;11.0;SOJA;11149P2623;NEO680 IPRO;ST;C1;P2;BG;27;937.0
LPCO;GO;101.0;11.0;SOJA;11149P2625;NEO680 IPRO;ST;C1;P2;BG;27;934.0
LPCO;GO;101.0;11.0;SOJA;11149P2629;NEO680 IPRO;ST;S2;P2;BG;0;917.0
LPCO;GO;101.0;11.0;SOJA;11149P2634;NEO680 IPRO;ST;S2;P2;BG;17;933.0
LPCO;GO;101.0;11.0;SOJA;11149P2640;NEO680 IPRO;ST;S2;P2;BG;30;911.0
LPCO;GO;101.0;11.0;SOJA;11149P2642;NEO680 IPRO;ST;S2;P2;BG;11;928.0
LPCO;GO;101.0;11.0;SOJA;11264P1426;O820 IPRO;ST;S1;P1;BG;27;967.0
LPCO;GO;101.0;11.0;SOJA;11264P1428;O820 IPRO;ST;S1;P1;BG;27;981.0
LPCO;GO;101.0;11.0;SOJA;11264P1430;O820 IPRO;ST;S1;P1;BG;27;995.0
LPCO;GO;101.0;11.0;SOJA;11264P1432;O820 IPRO;ST;S1;P1;BG;0;984.0
LPCO;GO;101.0;11.0;SOJA;11264P1434;O820 IPRO;ST;S1;P1;BG;11;1002.0
LPCO;GO;101.0;11.0;SOJA;11264P2427;O820 IPRO;ST;S1;P2;BG;0;1177.0
LPCO;GO;101.0;11.0;SOJA;11264P2429;O820 IPRO;ST;S1;P2;BG;18;1178.0
LPCO;GO;101.0;11.0;SOJA;11264P2431;O820 IPRO;ST;S1;P2;BG;18;1182.0
LPCO;GO;101.0;11.0;SOJA;11264P2433;O820 IPRO;ST;S1;P2;BG;0;1193.0
LPCO;GO;101.0;11.0;SOJA;11272P1201;690 I2X;ST;S1;P1;BG;30;759.0
LPCO;GO;101.0;11.0;SOJA;11272P1203;690 I2X;ST;S1;P1;BG;30;742.0
LPCO;GO;101.0;11.0;SOJA;11272P1205;690 I2X;ST;S1;P1;BG;30;755.0
LPCO;GO;101.0;11.0;SOJA;11272P1206;690 I2X;ST;S1;P1;BG;30;755.0
LPCO;GO;101.0;11.0;SOJA;11272P1208;690 I2X;ST;S1;P1;BG;30;767.0
LPCO;GO;101.0;11.0;SOJA;11272P1209;690 I2X;ST;S1;P1;BG;30;746.0
LPCO;GO;101.0;11.0;SOJA;11272P1211;690 I2X;ST;S1;P1;BG;30;750.0
LPCO;GO;101.0;11.0;SOJA;11272P1212;690 I2X;ST;S1;P1;BG;30;765.0
LPCO;GO;101.0;11.0;SOJA;11272P1214;690 I2X;ST;S1;P1;BG;30;768.0
LPCO;GO;101.0;11.0;SOJA;11272P1215;690 I2X;ST;S1;P1;BG;30;763.0
LPCO;GO;101.0;11.0;SOJA;11272P1217;690 I2X;ST;S1;P1;BG;30;761.0
LPCO;GO;101.0;11.0;SOJA;11272P1218;690 I2X;ST;S1;P1;BG;30;757.0
LPCO;GO;101.0;11.0;SOJA;11272P1220;690 I2X;ST;S1;P1;BG;30;767.0
LPCO;GO;101.0;11.0;SOJA;11272P1222;690 I2X;ST;S1;P1;BG;30;750.0
LPCO;GO;101.0;11.0;SOJA;11272P1223;690 I2X;ST;S1;P1;BG;30;759.0
LPCO;GO;101.0;11.0;SOJA;11272P1225;690 I2X;ST;S1;P1;BG;8;766.0
LPCO;GO;101.0;11.0;SOJA;11272P2202;690 I2X;ST;S1;P2;BG;27;915.0
LPCO;GO;101.0;11.0;SOJA;11272P2204;690 I2X;ST;S1;P2;BG;30;898.0
LPCO;GO;101.0;11.0;SOJA;11272P2207;690 I2X;ST;S1;P2;BG;27;909.0
LPCO;GO;101.0;11.0;SOJA;11272P2210;690 I2X;ST;S1;P2;BG;27;916.0
LPCO;GO;101.0;11.0;SOJA;11272P2213;690 I2X;ST;S1;P2;BG;27;929.0
LPCO;GO;101.0;11.0;SOJA;11272P2216;690 I2X;ST;S1;P2;BG;27;914.0
LPCO;GO;101.0;11.0;SOJA;11272P2219;690 I2X;ST;S1;P2;BG;30;891.0
LPCO;GO;101.0;11.0;SOJA;11272P2221;690 I2X;ST;S1;P2;BG;27;920.0
LPCO;GO;101.0;11.0;SOJA;11272P2224;690 I2X;ST;S1;P2;BG;7;908.0
LPCO;GO;101.0;11.0;SOJA;11714P1101;O790 IPRO;ST;S1;P1;BG;30;792.0
LPCO;GO;101.0;11.0;SOJA;11714P1103;O790 IPRO;ST;S1;P1;BG;30;775.0
LPCO;GO;101.0;11.0;SOJA;11714P1105;O790 IPRO;ST;S1;P1;BG;30;818.0
LPCO;GO;101.0;11.0;SOJA;11714P1107;O790 IPRO;ST;S1;P1;BG;30;806.0
LPCO;GO;101.0;11.0;SOJA;11714P1109;O790 IPRO;ST;S1;P1;BG;30;800.0
LPCO;GO;101.0;11.0;SOJA;11714P1111;O790 IPRO;ST;S1;P1;BG;30;803.0
LPCO;GO;101.0;11.0;SOJA;11714P1113;O790 IPRO;ST;S1;P1;BG;30;801.0
LPCO;GO;101.0;11.0;SOJA;11714P1116;O790 IPRO;ST;S1;P1;BG;30;810.0
LPCO;GO;101.0;11.0;SOJA;11714P1118;O790 IPRO;ST;S1;P1;BG;30;811.0
LPCO;GO;101.0;11.0;SOJA;11714P1120;O790 IPRO;ST;S1;P1;BG;11;805.0
LPCO;GO;101.0;11.0;SOJA;11714P1122;O790 IPRO;ST;S1;P1;BG;30;791.0
LPCO;GO;101.0;11.0;SOJA;11714P1124;O790 IPRO;ST;S1;P1;BG;30;791.0
LPCO;GO;101.0;11.0;SOJA;11714P1126;O790 IPRO;ST;S1;P1;BG;30;814.0
LPCO;GO;101.0;11.0;SOJA;11714P1129;O790 IPRO;ST;S1;P1;BG;30;799.0
LPCO;GO;101.0;11.0;SOJA;11714P1130;O790 IPRO;ST;S1;P1;BG;20;792.0
LPCO;GO;101.0;11.0;SOJA;11714P2102;O790 IPRO;ST;S1;P2;BG;24;1028.0
LPCO;GO;101.0;11.0;SOJA;11714P2104;O790 IPRO;ST;S1;P2;BG;24;1029.0
LPCO;GO;101.0;11.0;SOJA;11714P2106;O790 IPRO;ST;S1;P2;BG;24;1033.0
LPCO;GO;101.0;11.0;SOJA;11714P2108;O790 IPRO;ST;S1;P2;BG;24;1031.0
LPCO;GO;101.0;11.0;SOJA;11714P2110;O790 IPRO;ST;S1;P2;BG;24;1030.0
LPCO;GO;101.0;11.0;SOJA;11714P2112;O790 IPRO;ST;S1;P2;BG;24;1028.0
LPCO;GO;101.0;11.0;SOJA;11714P2114;O790 IPRO;ST;S1;P2;BG;24;1022.0
LPCO;GO;101.0;11.0;SOJA;11714P2115;O790 IPRO;ST;S1;P2;BG;24;1020.0
LPCO;GO;101.0;11.0;SOJA;11714P2117;O790 IPRO;ST;S1;P2;BG;24;1038.0
LPCO;GO;101.0;11.0;SOJA;11714P2119;O790 IPRO;ST;S1;P2;BG;24;1041.0
LPCO;GO;101.0;11.0;SOJA;11714P2121;O790 IPRO;ST;S1;P2;BG;24;1053.0
LPCO;GO;101.0;11.0;SOJA;11714P2123;O790 IPRO;ST;S1;P2;BG;24;1038.0
LPCO;GO;101.0;11.0;SOJA;11714P2125;O790 IPRO;ST;S1;P2;BG;24;1015.0
LPCO;GO;101.0;11.0;SOJA;11714P2127;O790 IPRO;ST;S1;P2;BG;24;1045.0
LPCO;GO;101.0;11.0;SOJA;11714P2128;O790 IPRO;ST;S1;P2;BG;24;1015.0
LPCO;GO;101.0;11.0;SOJA;11714P2131;O790 IPRO;ST;S1;P2;BG;18;1023.0
LPCO;GO;101.0;11.0;SOJA;11715P1702;761 I2X;ST;S2;P1;BG;30;846.0
LPCO;GO;101.0;11.0;SOJA;11715P1703;761 I2X;ST;S2;P1;BG;0;834.0
LPCO;GO;101.0;11.0;SOJA;11715P1705;761 I2X;ST;S2;P1;BG;30;853.0
LPCO;GO;101.0;11.0;SOJA;11715P1707;761 I2X;ST;S2;P1;BG;0;849.0
LPCO;GO;101.0;11.0;SOJA;11715P1708;761 I2X;ST;S2;P1;BG;0;853.0
LPCO;GO;101.0;11.0;SOJA;11715P1710;761 I2X;ST;S2;P1;BG;13;833.0
LPCO;GO;101.0;11.0;SOJA;11715P1712;761 I2X;ST;S2;P1;BG;30;844.0
LPCO;GO;101.0;11.0;SOJA;11715P1714;761 I2X;ST;S2;P1;BG;0;842.0
LPCO;GO;101.0;11.0;SOJA;11715P1715;761 I2X;ST;S2;P1;BG;30;853.0
LPCO;GO;101.0;11.0;SOJA;11715P1717;761 I2X;ST;S2;P1;BG;0;838.0
LPCO;GO;101.0;11.0;SOJA;11715P1718;761 I2X;ST;S2;P1;BG;30;842.0
LPCO;GO;101.0;11.0;SOJA;11715P1720;761 I2X;ST;S2;P1;BG;0;825.0
LPCO;GO;101.0;11.0;SOJA;11715P1721;761 I2X;ST;S2;P1;BG;30;842.0
LPCO;GO;101.0;11.0;SOJA;11715P1723;761 I2X;ST;S2;P1;BG;30;851.0
LPCO;GO;101.0;11.0;SOJA;11715P1724;761 I2X;ST;S2;P1;BG;30;850.0
LPCO;GO;101.0;11.0;SOJA;11715P1726;761 I2X;ST;S2;P1;BG;0;850.0
LPCO;GO;101.0;11.0;SOJA;11715P1727;761 I2X;ST;S2;P1;BG;0;830.0
LPCO;GO;101.0;11.0;SOJA;11715P1729;761 I2X;ST;S2;P1;BG;0;846.0
LPCO;GO;101.0;11.0;SOJA;11715P1730;761 I2X;ST;S2;P1;BG;30;841.0
LPCO;GO;101.0;11.0;SOJA;11715P1732;761 I2X;ST;S2;P1;BG;0;857.0
LPCO;GO;101.0;11.0;SOJA;11715P1734;761 I2X;ST;S2;P1;BG;0;858.0
LPCO;GO;101.0;11.0;SOJA;11715P1735;761 I2X;ST;S2;P1;BG;30;852.0
LPCO;GO;101.0;11.0;SOJA;11715P1737;761 I2X;ST;S2;P1;BG;0;854.0
LPCO;GO;101.0;11.0;SOJA;11715P1739;761 I2X;ST;S2;P1;BG;30;863.0
LPCO;GO;101.0;11.0;SOJA;11715P1741;761 I2X;ST;S2;P1;BG;0;844.0
LPCO;GO;101.0;11.0;SOJA;11715P1742;761 I2X;ST;S2;P1;BG;30;857.0
LPCO;GO;101.0;11.0;SOJA;11715P1744;761 I2X;ST;S2;P1;BG;30;833.0
LPCO;GO;101.0;11.0;SOJA;11715P1745;761 I2X;ST;S2;P1;BG;30;862.0
LPCO;GO;101.0;11.0;SOJA;11715P1746;761 I2X;ST;S2;P1;BG;30;830.0
LPCO;GO;101.0;11.0;SOJA;11715P1748;761 I2X;ST;S2;P1;BG;30;830.0
LPCO;GO;101.0;11.0;SOJA;11715P1749;761 I2X;ST;S2;P1;BG;30;839.0
LPCO;GO;101.0;11.0;SOJA;11715P1751;761 I2X;ST;S2;P1;BG;30;845.0
LPCO;GO;101.0;11.0;SOJA;11715P1752;761 I2X;ST;S2;P1;BG;30;851.0
LPCO;GO;101.0;11.0;SOJA;11715P1754;761 I2X;ST;S2;P1;BG;30;857.0
LPCO;GO;101.0;11.0;SOJA;11715P1755;761 I2X;ST;S2;P1;BG;0;864.0
LPCO;GO;101.0;11.0;SOJA;11715P2701;761 I2X;ST;S2;P2;BG;0;1029.0
LPCO;GO;101.0;11.0;SOJA;11715P2704;761 I2X;ST;S2;P2;BG;0;1030.0
LPCO;GO;101.0;11.0;SOJA;11715P2706;761 I2X;ST;S2;P2;BG;0;1026.0
LPCO;GO;101.0;11.0;SOJA;11715P2709;761 I2X;ST;S2;P2;BG;0;1023.0
LPCO;GO;101.0;11.0;SOJA;11715P2711;761 I2X;ST;S2;P2;BG;0;1031.0
LPCO;GO;101.0;11.0;SOJA;11715P2713;761 I2X;ST;S2;P2;BG;0;1019.0
LPCO;GO;101.0;11.0;SOJA;11715P2716;761 I2X;ST;S2;P2;BG;0;1029.0
LPCO;GO;101.0;11.0;SOJA;11715P2719;761 I2X;ST;S2;P2;BG;24;1027.0
LPCO;GO;101.0;11.0;SOJA;11715P2722;761 I2X;ST;S2;P2;BG;24;1032.0
LPCO;GO;101.0;11.0;SOJA;11715P2725;761 I2X;ST;S2;P2;BG;0;1039.0
LPCO;GO;101.0;11.0;SOJA;11715P2728;761 I2X;ST;S2;P2;BG;0;1029.0
LPCO;GO;101.0;11.0;SOJA;11715P2731;761 I2X;ST;S2;P2;BG;0;1045.0
LPCO;GO;101.0;11.0;SOJA;11715P2733;761 I2X;ST;S2;P2;BG;24;1030.0
LPCO;GO;101.0;11.0;SOJA;11715P2736;761 I2X;ST;S2;P2;BG;24;1020.0
LPCO;GO;101.0;11.0;SOJA;11715P2738;761 I2X;ST;S2;P2;BG;0;1016.0
LPCO;GO;101.0;11.0;SOJA;11715P2740;761 I2X;ST;S2;P2;BG;24;1025.0
LPCO;GO;101.0;11.0;SOJA;11715P2743;761 I2X;ST;S2;P2;BG;0;1027.0
LPCO;GO;101.0;11.0;SOJA;11715P2747;761 I2X;ST;S2;P2;BG;24;1030.0
LPCO;GO;101.0;11.0;SOJA;11715P2750;761 I2X;ST;S2;P2;BG;24;1012.0
LPCO;GO;101.0;11.0;SOJA;11715P2753;761 I2X;ST;S2;P2;BG;24;1023.0
LPCO;GO;101.0;11.0;SOJA;11715P2756;761 I2X;ST;S2;P2;BG;0;1033.0
LPCO;GO;101.0;11.0;SOJA;11728P1001;6930I2X;ST;C2;P1;BG;0;835.0
LPCO;GO;101.0;11.0;SOJA;11728P1003;6930I2X;ST;C2;P1;BG;0;828.0
LPCO;GO;101.0;11.0;SOJA;11728P1004;6930I2X;ST;C2;P1;BG;0;812.0
LPCO;GO;101.0;11.0;SOJA;11728P1006;6930I2X;ST;C2;P1;BG;0;801.0
LPCO;GO;101.0;11.0;SOJA;11728P1008;6930I2X;ST;C2;P1;BG;0;821.0
LPCO;GO;101.0;11.0;SOJA;11728P1010;6930I2X;ST;C2;P1;BG;0;827.0
LPCO;GO;101.0;11.0;SOJA;11728P1012;6930I2X;ST;C2;P1;BG;0;813.0
LPCO;GO;101.0;11.0;SOJA;11728P1014;6930I2X;ST;C2;P1;BG;30;804.0
LPCO;GO;101.0;11.0;SOJA;11728P1016;6930I2X;ST;C2;P1;BG;29;842.0
LPCO;GO;101.0;11.0;SOJA;11728P1018;6930I2X;ST;C2;P1;BG;0;830.0
LPCO;GO;101.0;11.0;SOJA;11728P1020;6930I2X;ST;C2;P1;BG;0;834.0
LPCO;GO;101.0;11.0;SOJA;11728P1022;6930I2X;ST;C2;P1;BG;0;822.0
LPCO;GO;101.0;11.0;SOJA;11728P1024;6930I2X;ST;C2;P1;BG;30;836.0
LPCO;GO;101.0;11.0;SOJA;11728P1027;6930I2X;ST;C2;P1;BG;2;835.0
LPCO;GO;101.0;11.0;SOJA;11728P2002;6930I2X;ST;C2;P2;BG;0;1035.0
LPCO;GO;101.0;11.0;SOJA;11728P2005;6930I2X;ST;C2;P2;BG;24;1010.0
LPCO;GO;101.0;11.0;SOJA;11728P2007;6930I2X;ST;C2;P2;BG;15;1010.0
LPCO;GO;101.0;11.0;SOJA;11728P2009;6930I2X;ST;C2;P2;BG;24;1021.0
LPCO;GO;101.0;11.0;SOJA;11728P2011;6930I2X;ST;C2;P2;BG;24;1019.0
LPCO;GO;101.0;11.0;SOJA;11728P2013;6930I2X;ST;C2;P2;BG;24;1056.0
LPCO;GO;101.0;11.0;SOJA;11728P2015;6930I2X;ST;C2;P2;BG;24;1065.0
LPCO;GO;101.0;11.0;SOJA;11728P2017;6930I2X;ST;C2;P2;BG;24;1007.0
LPCO;GO;101.0;11.0;SOJA;11728P2019;6930I2X;ST;C2;P2;BG;0;1042.0
LPCO;GO;101.0;11.0;SOJA;11728P2021;6930I2X;ST;C2;P2;BG;24;1034.0
LPCO;GO;101.0;11.0;SOJA;11728P2023;6930I2X;ST;C2;P2;BG;0;1078.0
LPCO;GO;101.0;11.0;SOJA;11728P2025;6930I2X;ST;C2;P2;BG;24;1050.0
LPCO;GO;101.0;11.0;SOJA;11728P2026;6930I2X;ST;C2;P2;BG;0;1029.0
LPCO;GO;101.0;11.0;SOJA;11740P1901;NEO771 I2X;ST;C2;P1;BG;0;771.0
LPCO;GO;101.0;11.0;SOJA;11740P1903;NEO771 I2X;ST;C2;P1;BG;0;683.0
LPCO;GO;101.0;11.0;SOJA;11740P1905;NEO771 I2X;ST;C2;P1;BG;0;688.0
LPCO;GO;101.0;11.0;SOJA;11740P1907;NEO771 I2X;ST;C2;P1;BG;0;689.0
LPCO;GO;101.0;11.0;SOJA;11740P1910;NEO771 I2X;ST;C2;P1;BG;0;685.0
LPCO;GO;101.0;11.0;SOJA;11740P1911;NEO771 I2X;ST;C2;P1;BG;0;680.0
LPCO;GO;101.0;11.0;SOJA;11740P1913;NEO771 I2X;ST;C2;P1;BG;0;688.0
LPCO;GO;101.0;11.0;SOJA;11740P1916;NEO771 I2X;ST;C2;P1;BG;0;688.0
LPCO;GO;101.0;11.0;SOJA;11740P1918;NEO771 I2X;ST;C2;P1;BG;0;679.0
LPCO;GO;101.0;11.0;SOJA;11740P1920;NEO771 I2X;ST;C2;P1;BG;0;678.0
LPCO;GO;101.0;11.0;SOJA;11740P1923;NEO771 I2X;ST;C2;P1;BG;0;682.0
LPCO;GO;101.0;11.0;SOJA;11740P1925;NEO771 I2X;ST;C2;P1;BG;0;673.0
LPCO;GO;101.0;11.0;SOJA;11740P1928;NEO771 I2X;ST;C2;P1;BG;0;676.0
LPCO;GO;101.0;11.0;SOJA;11740P2902;NEO771 I2X;ST;C2;P2;BG;0;941.0
LPCO;GO;101.0;11.0;SOJA;11740P2904;NEO771 I2X;ST;C2;P2;BG;0;870.0
LPCO;GO;101.0;11.0;SOJA;11740P2906;NEO771 I2X;ST;C2;P2;BG;0;874.0
LPCO;GO;101.0;11.0;SOJA;11740P2908;NEO771 I2X;ST;C2;P2;BG;0;874.0
LPCO;GO;101.0;11.0;SOJA;11740P2909;NEO771 I2X;ST;C2;P2;BG;0;865.0
LPCO;GO;101.0;11.0;SOJA;11740P2912;NEO771 I2X;ST;C2;P2;BG;0;872.0
LPCO;GO;101.0;11.0;SOJA;11740P2914;NEO771 I2X;ST;C2;P2;BG;0;878.0
LPCO;GO;101.0;11.0;SOJA;11740P2915;NEO771 I2X;ST;C2;P2;BG;0;885.0
LPCO;GO;101.0;11.0;SOJA;11740P2917;NEO771 I2X;ST;C2;P2;BG;0;871.0
LPCO;GO;101.0;11.0;SOJA;11740P2919;NEO771 I2X;ST;C2;P2;BG;0;879.0
LPCO;GO;101.0;11.0;SOJA;11740P2921;NEO771 I2X;ST;C2;P2;BG;0;878.0
LPCO;GO;101.0;11.0;SOJA;11740P2922;NEO771 I2X;ST;C2;P2;BG;0;870.0
LPCO;GO;101.0;11.0;SOJA;11740P2924;NEO771 I2X;ST;C2;P2;BG;0;874.0
LPCO;GO;101.0;11.0;SOJA;11740P2926;NEO771 I2X;ST;C2;P2;BG;0;866.0
LPCO;GO;101.0;11.0;SOJA;11740P2927;NEO771 I2X;ST;C2;P2;BG;0;881.0
LPCO;GO;101.0;11.0;SOJA;11741P1301;NEO801 CE;ST;C2;P1;BG;30;815.0
LPCO;GO;101.0;11.0;SOJA;11741P1304;NEO801 CE;ST;C2;P1;BG;30;823.0
LPCO;GO;101.0;11.0;SOJA;11741P1306;NEO801 CE;ST;C2;P1;BG;19;832.0
LPCO;GO;101.0;11.0;SOJA;11741P1309;NEO801 CE;ST;C2;P1;BG;30;689.0
LPCO;GO;101.0;11.0;SOJA;11741P1310;NEO801 CE;ST;C2;P1;BG;30;668.0
LPCO;GO;101.0;11.0;SOJA;11741P1312;NEO801 CE;ST;C2;P1;BG;30;668.0
LPCO;GO;101.0;11.0;SOJA;11741P1314;NEO801 CE;ST;C2;P1;BG;30;673.0
LPCO;GO;101.0;11.0;SOJA;11741P1315;NEO801 CE;ST;C2;P1;BG;30;669.0
LPCO;GO;101.0;11.0;SOJA;11741P1317;NEO801 CE;ST;C2;P1;BG;30;676.0
LPCO;GO;101.0;11.0;SOJA;11741P1319;NEO801 CE;ST;C2;P1;BG;30;667.0
LPCO;GO;101.0;11.0;SOJA;11741P1320;NEO801 CE;ST;C2;P1;BG;30;680.0
LPCO;GO;101.0;11.0;SOJA;11741P1322;NEO801 CE;ST;C2;P1;BG;30;703.0
LPCO;GO;101.0;11.0;SOJA;11741P1324;NEO801 CE;ST;C2;P1;BG;11;702.0
LPCO;GO;101.0;11.0;SOJA;11741P2302;NEO801 CE;ST;C2;P2;BG;0;1003.0
LPCO;GO;101.0;11.0;SOJA;11741P2303;NEO801 CE;ST;C2;P2;BG;27;1000.0
LPCO;GO;101.0;11.0;SOJA;11741P2305;NEO801 CE;ST;C2;P2;BG;24;1019.0
LPCO;GO;101.0;11.0;SOJA;11741P2307;NEO801 CE;ST;C2;P2;BG;14;955.0
LPCO;GO;101.0;11.0;SOJA;11741P2308;NEO801 CE;ST;C2;P2;BG;30;884.0
LPCO;GO;101.0;11.0;SOJA;11741P2311;NEO801 CE;ST;C2;P2;BG;30;859.0
LPCO;GO;101.0;11.0;SOJA;11741P2313;NEO801 CE;ST;C2;P2;BG;30;868.0
LPCO;GO;101.0;11.0;SOJA;11741P2316;NEO801 CE;ST;C2;P2;BG;30;861.0
LPCO;GO;101.0;11.0;SOJA;11741P2318;NEO801 CE;ST;C2;P2;BG;0;869.0
LPCO;GO;101.0;11.0;SOJA;11741P2321;NEO801 CE;ST;C2;P2;BG;30;880.0
LPCO;GO;101.0;11.0;SOJA;11741P2323;NEO801 CE;ST;C2;P2;BG;0;884.0
LPCO;GO;101.0;11.0;SOJA;11741P2325;NEO801 CE;ST;C2;P2;BG;21;884.0
LPCO;GO;101.0;11.0;SOJA;11743P1417;22213I2X;ST;C2;P1;BG;30;761.0
LPCO;GO;101.0;11.0;SOJA;11743P1420;22213I2X;ST;C2;P1;BG;30;733.0
LPCO;GO;101.0;11.0;SOJA;11743P1422;22213I2X;ST;C2;P1;BG;30;748.0
LPCO;GO;101.0;11.0;SOJA;11743P1424;22213I2X;ST;C2;P1;BG;23;731.0
LPCO;GO;101.0;11.0;SOJA;11743P2418;22213I2X;ST;C2;P2;BG;27;953.0
LPCO;GO;101.0;11.0;SOJA;11743P2419;22213I2X;ST;C2;P2;BG;27;936.0
LPCO;GO;101.0;11.0;SOJA;11743P2421;22213I2X;ST;C2;P2;BG;27;948.0
LPCO;GO;101.0;11.0;SOJA;11743P2423;22213I2X;ST;C2;P2;BG;27;929.0
LPCO;GO;101.0;11.0;SOJA;11743P2425;22213I2X;ST;C2;P2;BG;14;949.0
LPCO;GO;101.0;11.0;SOJA;11754P1401;7222I2X;ST;C1;P1;BG;24;1050.0
LPCO;GO;101.0;11.0;SOJA;11754P1403;7222I2X;ST;C1;P1;BG;17;1031.0
LPCO;GO;101.0;11.0;SOJA;11754P1405;7222I2X;ST;C1;P1;BG;24;1029.0
LPCO;GO;101.0;11.0;SOJA;11754P1407;7222I2X;ST;C1;P1;BG;0;1033.0
LPCO;GO;101.0;11.0;SOJA;11754P2402;7222I2X;ST;C1;P2;BG;18;1203.0
LPCO;GO;101.0;11.0;SOJA;11754P2404;7222I2X;ST;C1;P2;BG;18;1201.0
LPCO;GO;101.0;11.0;SOJA;11754P2406;7222I2X;ST;C1;P2;BG;9;1200.0
LPCO;GO;101.0;11.0;SOJA;11757P1801;NEO780 CE;ST;C1;P1;BG;0;846.0
LPCO;GO;101.0;11.0;SOJA;11757P1803;NEO780 CE;ST;C1;P1;BG;30;848.0
LPCO;GO;101.0;11.0;SOJA;11757P1805;NEO780 CE;ST;C1;P1;BG;30;855.0
LPCO;GO;101.0;11.0;SOJA;11757P1807;NEO780 CE;ST;C1;P1;BG;30;846.0
LPCO;GO;101.0;11.0;SOJA;11757P1808;NEO780 CE;ST;C1;P1;BG;0;850.0
LPCO;GO;101.0;11.0;SOJA;11757P1810;NEO780 CE;ST;C1;P1;BG;2;851.0
LPCO;GO;101.0;11.0;SOJA;11757P2802;NEO780 CE;ST;C1;P2;BG;0;1039.0
LPCO;GO;101.0;11.0;SOJA;11757P2804;NEO780 CE;ST;C1;P2;BG;24;1032.0
LPCO;GO;101.0;11.0;SOJA;11757P2806;NEO780 CE;ST;C1;P2;BG;24;1032.0
LPCO;GO;101.0;11.0;SOJA;11757P2809;NEO780 CE;ST;C1;P2;BG;4;1029.0
LPCO;GO;101.0;11.0;SOJA;11758P1502;C2705CE;ST;C1;P1;BG;27;913.0
LPCO;GO;101.0;11.0;SOJA;11758P1503;C2705CE;ST;C1;P1;BG;27;917.0
LPCO;GO;101.0;11.0;SOJA;11758P1505;C2705CE;ST;C1;P1;BG;27;912.0
LPCO;GO;101.0;11.0;SOJA;11758P1507;C2705CE;ST;C1;P1;BG;4;905.0
LPCO;GO;101.0;11.0;SOJA;11758P2501;C2705CE;ST;C1;P2;BG;24;1112.0
LPCO;GO;101.0;11.0;SOJA;11758P2504;C2705CE;ST;C1;P2;BG;24;1102.0
LPCO;GO;101.0;11.0;SOJA;11758P2506;C2705CE;ST;C1;P2;BG;21;1105.0
LPCO;GO;101.0;11.0;SOJA;11759P1409;NEO811 I2X;ST;C1;P1;BG;30;652.0
LPCO;GO;101.0;11.0;SOJA;11759P1410;NEO811 I2X;ST;C1;P1;BG;30;656.0
LPCO;GO;101.0;11.0;SOJA;11759P1412;NEO811 I2X;ST;C1;P1;BG;15;656.0
LPCO;GO;101.0;11.0;SOJA;11759P1414;NEO811 I2X;ST;C1;P1;BG;30;658.0
LPCO;GO;101.0;11.0;SOJA;11759P1415;NEO811 I2X;ST;C1;P1;BG;18;640.0
LPCO;GO;101.0;11.0;SOJA;11759P2408;NEO811 I2X;ST;C1;P2;BG;25;809.0
LPCO;GO;101.0;11.0;SOJA;11759P2411;NEO811 I2X;ST;C1;P2;BG;30;801.0
LPCO;GO;101.0;11.0;SOJA;11759P2413;NEO811 I2X;ST;C1;P2;BG;30;826.0
LPCO;GO;101.0;11.0;SOJA;11759P2416;NEO811 I2X;ST;C1;P2;BG;1;794.0
